<?xml version="1.0" encoding="UTF-8"?>
<project-private xmlns="http://www.netbeans.org/ns/project-private/1">
    <editor-bookmarks xmlns="http://www.netbeans.org/ns/editor-bookmarks/2" lastBookmarkId="0"/>
    <open-files xmlns="http://www.netbeans.org/ns/projectui-open-files/2">
        <group>
            <file>file:/C:/Users/gabrielrodrigues1996/Dropbox/Microcontroladores/Projeto_Cafe/AulaDisplay.X/config.h</file>
            <file>file:/C:/Users/gabrielrodrigues1996/Dropbox/Microcontroladores/Projeto_Cafe/AulaDisplay.X/XLCD/xlcd.h</file>
            <file>file:/C:/Users/gabrielrodrigues1996/Dropbox/Microcontroladores/Projeto_Cafe/AulaDisplay.X/main.c</file>
        </group>
    </open-files>
</project-private>
